,Name,Rating,Price
0,Calvin Klein CK Obsession Eau De Toilette For Men,4.30,"Rs. 5,950"
1,Armaf Club De Nuit Intense 105ml Eau De Toilette,4.12,"Rs. 4,750"
2,Davidoff Cool Water Eau De Toilette For Men,4.12,"Rs. 5,900"
3,Dunhill Icon Eau De Parfum For Men 100ML,5.00,"Rs. 8,300"
4,Issey Miyake Leau Dissey For Men,4.50,"Rs. 5,510"
5,Versace Blue Jeans Eau De Toilette For Men 75ml,4.33,"Rs. 3,500"
6,Armaf Club De Nuit Intense Man Pure Parfum 150ml,4.38,"Rs. 6,000"
7,Davidoff Champion Eau De Toilette For Men 90ml,4.57,"Rs. 5,900"
8,Hugo Boss Man Eau De Toilette,4.42,"Rs. 4,150"
9,Bvlgari Man in Black Eau De Parfum For Men,4.33,"Rs. 4,150"
10,Dunhill Desire Red Eau De Toilette For Men,4.33,"Rs. 5,100"
11,Calvin Klein CK IN2U Eau De Toilette For Men,4.38,"Rs. 4,150"
12,Mont Blanc Individuel Eau De Toilette For Men 75ml,4.50,"Rs. 5,000"
13,Paco Rabanne One Million Eau De Toilette for Men,4.31,"Rs. 8,450"
14,Versace Dylan Blue Eau De Toilette For Men,4.50,"Rs. 7,200"
15,Bvlgari Aqva Pour Homme Eau De Toilette,4.20,"Rs. 9,750"
16,Azzaro Chrome Eau De Toilette For Men,4.60,"Rs. 4,500"
17,Hugo Boss Bottled Eau De Toilette For Men,4.29,"Rs. 4,500"
18,Versace Man Eau Fraiche Eau De Toilette For Men,4.44,"Rs. 5,500"
19,Calvin Klein CK Eternity Aqua Eau De Toilette For Men,4.44,"Rs. 5,750"
20,Burberry London Eau De Toilette For Men 100ml,4.38,"Rs. 6,700"
21,Mont Blanc Explorer Eau De Parfum For Men,4.60,"Rs. 6,700"
22,Calvin Klein CK Eternity Eau De Toilette For Men,4.60,"Rs. 5,950"
23,Mont Blanc Starwalker Eau De Toilette For Men 75ml,4.50,"Rs. 5,000"
24,Burberry Touch Eau De Toilette For Men 100ml,4.50,"Rs. 6,700"
25,Drakkar Noir Eau De Toilette For Men,4.50,"Rs. 6,700"
26,Dunhill Icon Absolute Eau De Parfum For Men 100ML,4.50,"Rs. 8,990"
27,Kenneth Cole Black Eau De Toilette For Men 100ml,4.50,"Rs. 6,000"
28,Calvin Klein CK Obsession Eau De Toilette For Men,4.30,"Rs. 5,950"
29,Armaf Club De Nuit Intense 105ml Eau De Toilette,4.12,"Rs. 4,750"
30,Davidoff Cool Water Eau De Toilette For Men,4.12,"Rs. 5,900"
31,Dunhill Icon Eau De Parfum For Men 100ML,5.00,"Rs. 8,300"
32,Issey Miyake Leau Dissey For Men,4.50,"Rs. 5,510"
33,Versace Blue Jeans Eau De Toilette For Men 75ml,4.33,"Rs. 3,500"
34,Armaf Club De Nuit Intense Man Pure Parfum 150ml,4.38,"Rs. 6,000"
35,Davidoff Champion Eau De Toilette For Men 90ml,4.57,"Rs. 5,900"
36,Hugo Boss Man Eau De Toilette,4.42,"Rs. 4,150"
37,Bvlgari Man in Black Eau De Parfum For Men,4.33,"Rs. 4,150"
38,Dunhill Desire Red Eau De Toilette For Men,4.33,"Rs. 5,100"
39,Calvin Klein CK IN2U Eau De Toilette For Men,4.38,"Rs. 4,150"
40,Mont Blanc Individuel Eau De Toilette For Men 75ml,4.50,"Rs. 5,000"
41,Paco Rabanne One Million Eau De Toilette for Men,4.31,"Rs. 8,450"
42,Versace Dylan Blue Eau De Toilette For Men,4.50,"Rs. 7,200"
43,Bvlgari Aqva Pour Homme Eau De Toilette,4.20,"Rs. 9,750"
44,Azzaro Chrome Eau De Toilette For Men,4.60,"Rs. 4,500"
45,Hugo Boss Bottled Eau De Toilette For Men,4.29,"Rs. 4,500"
46,Versace Man Eau Fraiche Eau De Toilette For Men,4.44,"Rs. 5,500"
47,Calvin Klein CK Eternity Aqua Eau De Toilette For Men,4.44,"Rs. 5,750"
48,Burberry London Eau De Toilette For Men 100ml,4.38,"Rs. 6,700"
49,Mont Blanc Explorer Eau De Parfum For Men,4.60,"Rs. 6,700"
50,Calvin Klein CK Eternity Eau De Toilette For Men,4.60,"Rs. 5,950"
51,Mont Blanc Starwalker Eau De Toilette For Men 75ml,4.50,"Rs. 5,000"
52,Burberry Touch Eau De Toilette For Men 100ml,4.50,"Rs. 6,700"
53,Drakkar Noir Eau De Toilette For Men,4.50,"Rs. 6,700"
54,Dunhill Icon Absolute Eau De Parfum For Men 100ML,4.50,"Rs. 8,990"
55,Kenneth Cole Black Eau De Toilette For Men 100ml,4.50,"Rs. 6,000"
56,Calvin Klein CK Obsession Eau De Toilette For Men,4.30,"Rs. 5,950"
57,Armaf Club De Nuit Intense 105ml Eau De Toilette,4.12,"Rs. 4,750"
58,Davidoff Cool Water Eau De Toilette For Men,4.12,"Rs. 5,900"
59,Dunhill Icon Eau De Parfum For Men 100ML,5.00,"Rs. 8,300"
60,Issey Miyake Leau Dissey For Men,4.50,"Rs. 5,510"
61,Versace Blue Jeans Eau De Toilette For Men 75ml,4.33,"Rs. 3,500"
62,Armaf Club De Nuit Intense Man Pure Parfum 150ml,4.38,"Rs. 6,000"
63,Davidoff Champion Eau De Toilette For Men 90ml,4.57,"Rs. 5,900"
64,Hugo Boss Man Eau De Toilette,4.42,"Rs. 4,150"
65,Bvlgari Man in Black Eau De Parfum For Men,4.33,"Rs. 4,150"
66,Dunhill Desire Red Eau De Toilette For Men,4.33,"Rs. 5,100"
67,Calvin Klein CK IN2U Eau De Toilette For Men,4.38,"Rs. 4,150"
68,Mont Blanc Individuel Eau De Toilette For Men 75ml,4.50,"Rs. 5,000"
69,Paco Rabanne One Million Eau De Toilette for Men,4.31,"Rs. 8,450"
70,Versace Dylan Blue Eau De Toilette For Men,4.50,"Rs. 7,200"
71,Bvlgari Aqva Pour Homme Eau De Toilette,4.20,"Rs. 9,750"
72,Azzaro Chrome Eau De Toilette For Men,4.60,"Rs. 4,500"
73,Hugo Boss Bottled Eau De Toilette For Men,4.29,"Rs. 4,500"
74,Versace Man Eau Fraiche Eau De Toilette For Men,4.44,"Rs. 5,500"
75,Calvin Klein CK Eternity Aqua Eau De Toilette For Men,4.44,"Rs. 5,750"
76,Burberry London Eau De Toilette For Men 100ml,4.38,"Rs. 6,700"
77,Mont Blanc Explorer Eau De Parfum For Men,4.60,"Rs. 6,700"
78,Calvin Klein CK Eternity Eau De Toilette For Men,4.60,"Rs. 5,950"
79,Mont Blanc Starwalker Eau De Toilette For Men 75ml,4.50,"Rs. 5,000"
80,Burberry Touch Eau De Toilette For Men 100ml,4.50,"Rs. 6,700"
81,Drakkar Noir Eau De Toilette For Men,4.50,"Rs. 6,700"
82,Dunhill Icon Absolute Eau De Parfum For Men 100ML,4.50,"Rs. 8,990"
83,Kenneth Cole Black Eau De Toilette For Men 100ml,4.50,"Rs. 6,000"
84,Calvin Klein CK Obsession Eau De Toilette For Men,4.30,"Rs. 5,950"
85,Armaf Club De Nuit Intense 105ml Eau De Toilette,4.12,"Rs. 4,750"
86,Davidoff Cool Water Eau De Toilette For Men,4.12,"Rs. 5,900"
87,Dunhill Icon Eau De Parfum For Men 100ML,5.00,"Rs. 8,300"
88,Issey Miyake Leau Dissey For Men,4.50,"Rs. 5,510"
89,Versace Blue Jeans Eau De Toilette For Men 75ml,4.33,"Rs. 3,500"
90,Armaf Club De Nuit Intense Man Pure Parfum 150ml,4.38,"Rs. 6,000"
91,Davidoff Champion Eau De Toilette For Men 90ml,4.57,"Rs. 5,900"
92,Hugo Boss Man Eau De Toilette,4.42,"Rs. 4,150"
93,Bvlgari Man in Black Eau De Parfum For Men,4.33,"Rs. 4,150"
94,Dunhill Desire Red Eau De Toilette For Men,4.33,"Rs. 5,100"
95,Calvin Klein CK IN2U Eau De Toilette For Men,4.38,"Rs. 4,150"
96,Mont Blanc Individuel Eau De Toilette For Men 75ml,4.50,"Rs. 5,000"
97,Paco Rabanne One Million Eau De Toilette for Men,4.31,"Rs. 8,450"
98,Versace Dylan Blue Eau De Toilette For Men,4.50,"Rs. 7,200"
99,Bvlgari Aqva Pour Homme Eau De Toilette,4.20,"Rs. 9,750"
100,Azzaro Chrome Eau De Toilette For Men,4.60,"Rs. 4,500"
101,Hugo Boss Bottled Eau De Toilette For Men,4.29,"Rs. 4,500"
102,Versace Man Eau Fraiche Eau De Toilette For Men,4.44,"Rs. 5,500"
103,Calvin Klein CK Eternity Aqua Eau De Toilette For Men,4.44,"Rs. 5,750"
104,Burberry London Eau De Toilette For Men 100ml,4.38,"Rs. 6,700"
105,Mont Blanc Explorer Eau De Parfum For Men,4.60,"Rs. 6,700"
106,Calvin Klein CK Eternity Eau De Toilette For Men,4.60,"Rs. 5,950"
107,Mont Blanc Starwalker Eau De Toilette For Men 75ml,4.50,"Rs. 5,000"
108,Burberry Touch Eau De Toilette For Men 100ml,4.50,"Rs. 6,700"
109,Drakkar Noir Eau De Toilette For Men,4.50,"Rs. 6,700"
110,Dunhill Icon Absolute Eau De Parfum For Men 100ML,4.50,"Rs. 8,990"
111,Kenneth Cole Black Eau De Toilette For Men 100ml,4.50,"Rs. 6,000"
112,Calvin Klein CK Obsession Eau De Toilette For Men,4.30,"Rs. 5,950"
113,Armaf Club De Nuit Intense 105ml Eau De Toilette,4.12,"Rs. 4,750"
114,Davidoff Cool Water Eau De Toilette For Men,4.12,"Rs. 5,900"
115,Dunhill Icon Eau De Parfum For Men 100ML,5.00,"Rs. 8,300"
116,Issey Miyake Leau Dissey For Men,4.50,"Rs. 5,510"
117,Versace Blue Jeans Eau De Toilette For Men 75ml,4.33,"Rs. 3,500"
118,Armaf Club De Nuit Intense Man Pure Parfum 150ml,4.38,"Rs. 6,000"
119,Davidoff Champion Eau De Toilette For Men 90ml,4.57,"Rs. 5,900"
120,Hugo Boss Man Eau De Toilette,4.42,"Rs. 4,150"
121,Bvlgari Man in Black Eau De Parfum For Men,4.33,"Rs. 4,150"
122,Dunhill Desire Red Eau De Toilette For Men,4.33,"Rs. 5,100"
123,Calvin Klein CK IN2U Eau De Toilette For Men,4.38,"Rs. 4,150"
124,Mont Blanc Individuel Eau De Toilette For Men 75ml,4.50,"Rs. 5,000"
125,Paco Rabanne One Million Eau De Toilette for Men,4.31,"Rs. 8,450"
126,Versace Dylan Blue Eau De Toilette For Men,4.50,"Rs. 7,200"
127,Bvlgari Aqva Pour Homme Eau De Toilette,4.20,"Rs. 9,750"
128,Azzaro Chrome Eau De Toilette For Men,4.60,"Rs. 4,500"
129,Hugo Boss Bottled Eau De Toilette For Men,4.29,"Rs. 4,500"
130,Versace Man Eau Fraiche Eau De Toilette For Men,4.44,"Rs. 5,500"
131,Calvin Klein CK Eternity Aqua Eau De Toilette For Men,4.44,"Rs. 5,750"
132,Burberry London Eau De Toilette For Men 100ml,4.38,"Rs. 6,700"
133,Mont Blanc Explorer Eau De Parfum For Men,4.60,"Rs. 6,700"
134,Calvin Klein CK Eternity Eau De Toilette For Men,4.60,"Rs. 5,950"
135,Mont Blanc Starwalker Eau De Toilette For Men 75ml,4.50,"Rs. 5,000"
136,Burberry Touch Eau De Toilette For Men 100ml,4.50,"Rs. 6,700"
137,Drakkar Noir Eau De Toilette For Men,4.50,"Rs. 6,700"
138,Dunhill Icon Absolute Eau De Parfum For Men 100ML,4.50,"Rs. 8,990"
139,Kenneth Cole Black Eau De Toilette For Men 100ml,4.50,"Rs. 6,000"
140,Calvin Klein CK Obsession Eau De Toilette For Men,4.30,"Rs. 5,950"
141,Armaf Club De Nuit Intense 105ml Eau De Toilette,4.12,"Rs. 4,750"
142,Davidoff Cool Water Eau De Toilette For Men,4.12,"Rs. 5,900"
143,Dunhill Icon Eau De Parfum For Men 100ML,5.00,"Rs. 8,300"
144,Issey Miyake Leau Dissey For Men,4.50,"Rs. 5,510"
145,Versace Blue Jeans Eau De Toilette For Men 75ml,4.33,"Rs. 3,500"
146,Armaf Club De Nuit Intense Man Pure Parfum 150ml,4.38,"Rs. 6,000"
147,Davidoff Champion Eau De Toilette For Men 90ml,4.57,"Rs. 5,900"
148,Hugo Boss Man Eau De Toilette,4.42,"Rs. 4,150"
149,Bvlgari Man in Black Eau De Parfum For Men,4.33,"Rs. 4,150"
150,Dunhill Desire Red Eau De Toilette For Men,4.33,"Rs. 5,100"
151,Calvin Klein CK IN2U Eau De Toilette For Men,4.38,"Rs. 4,150"
152,Mont Blanc Individuel Eau De Toilette For Men 75ml,4.50,"Rs. 5,000"
153,Paco Rabanne One Million Eau De Toilette for Men,4.31,"Rs. 8,450"
154,Versace Dylan Blue Eau De Toilette For Men,4.50,"Rs. 7,200"
155,Bvlgari Aqva Pour Homme Eau De Toilette,4.20,"Rs. 9,750"
156,Azzaro Chrome Eau De Toilette For Men,4.60,"Rs. 4,500"
157,Hugo Boss Bottled Eau De Toilette For Men,4.29,"Rs. 4,500"
158,Versace Man Eau Fraiche Eau De Toilette For Men,4.44,"Rs. 5,500"
159,Calvin Klein CK Eternity Aqua Eau De Toilette For Men,4.44,"Rs. 5,750"
160,Burberry London Eau De Toilette For Men 100ml,4.38,"Rs. 6,700"
161,Mont Blanc Explorer Eau De Parfum For Men,4.60,"Rs. 6,700"
162,Calvin Klein CK Eternity Eau De Toilette For Men,4.60,"Rs. 5,950"
163,Mont Blanc Starwalker Eau De Toilette For Men 75ml,4.50,"Rs. 5,000"
164,Burberry Touch Eau De Toilette For Men 100ml,4.50,"Rs. 6,700"
165,Drakkar Noir Eau De Toilette For Men,4.50,"Rs. 6,700"
166,Dunhill Icon Absolute Eau De Parfum For Men 100ML,4.50,"Rs. 8,990"
167,Kenneth Cole Black Eau De Toilette For Men 100ml,4.50,"Rs. 6,000"
168,Calvin Klein CK Obsession Eau De Toilette For Men,4.30,"Rs. 5,950"
169,Armaf Club De Nuit Intense 105ml Eau De Toilette,4.12,"Rs. 4,750"
170,Davidoff Cool Water Eau De Toilette For Men,4.12,"Rs. 5,900"
171,Dunhill Icon Eau De Parfum For Men 100ML,5.00,"Rs. 8,300"
172,Issey Miyake Leau Dissey For Men,4.50,"Rs. 5,510"
173,Versace Blue Jeans Eau De Toilette For Men 75ml,4.33,"Rs. 3,500"
174,Armaf Club De Nuit Intense Man Pure Parfum 150ml,4.38,"Rs. 6,000"
175,Davidoff Champion Eau De Toilette For Men 90ml,4.57,"Rs. 5,900"
176,Hugo Boss Man Eau De Toilette,4.42,"Rs. 4,150"
177,Bvlgari Man in Black Eau De Parfum For Men,4.33,"Rs. 4,150"
178,Dunhill Desire Red Eau De Toilette For Men,4.33,"Rs. 5,100"
179,Calvin Klein CK IN2U Eau De Toilette For Men,4.38,"Rs. 4,150"
180,Mont Blanc Individuel Eau De Toilette For Men 75ml,4.50,"Rs. 5,000"
181,Paco Rabanne One Million Eau De Toilette for Men,4.31,"Rs. 8,450"
182,Versace Dylan Blue Eau De Toilette For Men,4.50,"Rs. 7,200"
183,Bvlgari Aqva Pour Homme Eau De Toilette,4.20,"Rs. 9,750"
184,Azzaro Chrome Eau De Toilette For Men,4.60,"Rs. 4,500"
185,Hugo Boss Bottled Eau De Toilette For Men,4.29,"Rs. 4,500"
186,Versace Man Eau Fraiche Eau De Toilette For Men,4.44,"Rs. 5,500"
187,Calvin Klein CK Eternity Aqua Eau De Toilette For Men,4.44,"Rs. 5,750"
188,Burberry London Eau De Toilette For Men 100ml,4.38,"Rs. 6,700"
189,Mont Blanc Explorer Eau De Parfum For Men,4.60,"Rs. 6,700"
190,Calvin Klein CK Eternity Eau De Toilette For Men,4.60,"Rs. 5,950"
191,Mont Blanc Starwalker Eau De Toilette For Men 75ml,4.50,"Rs. 5,000"
192,Burberry Touch Eau De Toilette For Men 100ml,4.50,"Rs. 6,700"
193,Drakkar Noir Eau De Toilette For Men,4.50,"Rs. 6,700"
194,Dunhill Icon Absolute Eau De Parfum For Men 100ML,4.50,"Rs. 8,990"
195,Kenneth Cole Black Eau De Toilette For Men 100ml,4.50,"Rs. 6,000"
196,Calvin Klein CK Obsession Eau De Toilette For Men,4.30,"Rs. 5,950"
197,Armaf Club De Nuit Intense 105ml Eau De Toilette,4.12,"Rs. 4,750"
198,Davidoff Cool Water Eau De Toilette For Men,4.12,"Rs. 5,900"
199,Dunhill Icon Eau De Parfum For Men 100ML,5.00,"Rs. 8,300"
200,Issey Miyake Leau Dissey For Men,4.50,"Rs. 5,510"
201,Versace Blue Jeans Eau De Toilette For Men 75ml,4.33,"Rs. 3,500"
202,Armaf Club De Nuit Intense Man Pure Parfum 150ml,4.38,"Rs. 6,000"
203,Davidoff Champion Eau De Toilette For Men 90ml,4.57,"Rs. 5,900"
204,Hugo Boss Man Eau De Toilette,4.42,"Rs. 4,150"
205,Bvlgari Man in Black Eau De Parfum For Men,4.33,"Rs. 4,150"
206,Dunhill Desire Red Eau De Toilette For Men,4.33,"Rs. 5,100"
207,Calvin Klein CK IN2U Eau De Toilette For Men,4.38,"Rs. 4,150"
208,Mont Blanc Individuel Eau De Toilette For Men 75ml,4.50,"Rs. 5,000"
209,Paco Rabanne One Million Eau De Toilette for Men,4.31,"Rs. 8,450"
210,Versace Dylan Blue Eau De Toilette For Men,4.50,"Rs. 7,200"
211,Bvlgari Aqva Pour Homme Eau De Toilette,4.20,"Rs. 9,750"
212,Azzaro Chrome Eau De Toilette For Men,4.60,"Rs. 4,500"
213,Hugo Boss Bottled Eau De Toilette For Men,4.29,"Rs. 4,500"
214,Versace Man Eau Fraiche Eau De Toilette For Men,4.44,"Rs. 5,500"
215,Calvin Klein CK Eternity Aqua Eau De Toilette For Men,4.44,"Rs. 5,750"
216,Burberry London Eau De Toilette For Men 100ml,4.38,"Rs. 6,700"
217,Mont Blanc Explorer Eau De Parfum For Men,4.60,"Rs. 6,700"
218,Calvin Klein CK Eternity Eau De Toilette For Men,4.60,"Rs. 5,950"
219,Mont Blanc Starwalker Eau De Toilette For Men 75ml,4.50,"Rs. 5,000"
220,Burberry Touch Eau De Toilette For Men 100ml,4.50,"Rs. 6,700"
221,Drakkar Noir Eau De Toilette For Men,4.50,"Rs. 6,700"
222,Dunhill Icon Absolute Eau De Parfum For Men 100ML,4.50,"Rs. 8,990"
223,Kenneth Cole Black Eau De Toilette For Men 100ml,4.50,"Rs. 6,000"
224,Calvin Klein CK Obsession Eau De Toilette For Men,4.30,"Rs. 5,950"
225,Armaf Club De Nuit Intense 105ml Eau De Toilette,4.12,"Rs. 4,750"
226,Davidoff Cool Water Eau De Toilette For Men,4.12,"Rs. 5,900"
227,Dunhill Icon Eau De Parfum For Men 100ML,5.00,"Rs. 8,300"
228,Issey Miyake Leau Dissey For Men,4.50,"Rs. 5,510"
229,Versace Blue Jeans Eau De Toilette For Men 75ml,4.33,"Rs. 3,500"
230,Armaf Club De Nuit Intense Man Pure Parfum 150ml,4.38,"Rs. 6,000"
231,Davidoff Champion Eau De Toilette For Men 90ml,4.57,"Rs. 5,900"
232,Hugo Boss Man Eau De Toilette,4.42,"Rs. 4,150"
233,Bvlgari Man in Black Eau De Parfum For Men,4.33,"Rs. 4,150"
234,Dunhill Desire Red Eau De Toilette For Men,4.33,"Rs. 5,100"
235,Calvin Klein CK IN2U Eau De Toilette For Men,4.38,"Rs. 4,150"
236,Mont Blanc Individuel Eau De Toilette For Men 75ml,4.50,"Rs. 5,000"
237,Paco Rabanne One Million Eau De Toilette for Men,4.31,"Rs. 8,450"
238,Versace Dylan Blue Eau De Toilette For Men,4.50,"Rs. 7,200"
239,Bvlgari Aqva Pour Homme Eau De Toilette,4.20,"Rs. 9,750"
240,Azzaro Chrome Eau De Toilette For Men,4.60,"Rs. 4,500"
241,Hugo Boss Bottled Eau De Toilette For Men,4.29,"Rs. 4,500"
242,Versace Man Eau Fraiche Eau De Toilette For Men,4.44,"Rs. 5,500"
243,Calvin Klein CK Eternity Aqua Eau De Toilette For Men,4.44,"Rs. 5,750"
244,Burberry London Eau De Toilette For Men 100ml,4.38,"Rs. 6,700"
245,Mont Blanc Explorer Eau De Parfum For Men,4.60,"Rs. 6,700"
246,Calvin Klein CK Eternity Eau De Toilette For Men,4.60,"Rs. 5,950"
247,Mont Blanc Starwalker Eau De Toilette For Men 75ml,4.50,"Rs. 5,000"
248,Burberry Touch Eau De Toilette For Men 100ml,4.50,"Rs. 6,700"
249,Drakkar Noir Eau De Toilette For Men,4.50,"Rs. 6,700"
250,Dunhill Icon Absolute Eau De Parfum For Men 100ML,4.50,"Rs. 8,990"
251,Kenneth Cole Black Eau De Toilette For Men 100ml,4.50,"Rs. 6,000"
252,Calvin Klein CK Obsession Eau De Toilette For Men,4.30,"Rs. 5,950"
253,Armaf Club De Nuit Intense 105ml Eau De Toilette,4.12,"Rs. 4,750"
254,Davidoff Cool Water Eau De Toilette For Men,4.12,"Rs. 5,900"
255,Dunhill Icon Eau De Parfum For Men 100ML,5.00,"Rs. 8,300"
256,Issey Miyake Leau Dissey For Men,4.50,"Rs. 5,510"
257,Versace Blue Jeans Eau De Toilette For Men 75ml,4.33,"Rs. 3,500"
258,Armaf Club De Nuit Intense Man Pure Parfum 150ml,4.38,"Rs. 6,000"
259,Davidoff Champion Eau De Toilette For Men 90ml,4.57,"Rs. 5,900"
260,Hugo Boss Man Eau De Toilette,4.42,"Rs. 4,150"
261,Bvlgari Man in Black Eau De Parfum For Men,4.33,"Rs. 4,150"
262,Dunhill Desire Red Eau De Toilette For Men,4.33,"Rs. 5,100"
263,Calvin Klein CK IN2U Eau De Toilette For Men,4.38,"Rs. 4,150"
264,Mont Blanc Individuel Eau De Toilette For Men 75ml,4.50,"Rs. 5,000"
265,Paco Rabanne One Million Eau De Toilette for Men,4.31,"Rs. 8,450"
266,Versace Dylan Blue Eau De Toilette For Men,4.50,"Rs. 7,200"
267,Bvlgari Aqva Pour Homme Eau De Toilette,4.20,"Rs. 9,750"
268,Azzaro Chrome Eau De Toilette For Men,4.60,"Rs. 4,500"
269,Hugo Boss Bottled Eau De Toilette For Men,4.29,"Rs. 4,500"
270,Versace Man Eau Fraiche Eau De Toilette For Men,4.44,"Rs. 5,500"
271,Calvin Klein CK Eternity Aqua Eau De Toilette For Men,4.44,"Rs. 5,750"
272,Burberry London Eau De Toilette For Men 100ml,4.38,"Rs. 6,700"
273,Mont Blanc Explorer Eau De Parfum For Men,4.60,"Rs. 6,700"
274,Calvin Klein CK Eternity Eau De Toilette For Men,4.60,"Rs. 5,950"
275,Mont Blanc Starwalker Eau De Toilette For Men 75ml,4.50,"Rs. 5,000"
276,Burberry Touch Eau De Toilette For Men 100ml,4.50,"Rs. 6,700"
277,Drakkar Noir Eau De Toilette For Men,4.50,"Rs. 6,700"
278,Dunhill Icon Absolute Eau De Parfum For Men 100ML,4.50,"Rs. 8,990"
279,Kenneth Cole Black Eau De Toilette For Men 100ml,4.50,"Rs. 6,000"
280,Calvin Klein CK Obsession Eau De Toilette For Men,4.30,"Rs. 5,950"
281,Armaf Club De Nuit Intense 105ml Eau De Toilette,4.12,"Rs. 4,750"
282,Davidoff Cool Water Eau De Toilette For Men,4.12,"Rs. 5,900"
283,Dunhill Icon Eau De Parfum For Men 100ML,5.00,"Rs. 8,300"
284,Issey Miyake Leau Dissey For Men,4.50,"Rs. 5,510"
285,Versace Blue Jeans Eau De Toilette For Men 75ml,4.33,"Rs. 3,500"
286,Armaf Club De Nuit Intense Man Pure Parfum 150ml,4.38,"Rs. 6,000"
287,Davidoff Champion Eau De Toilette For Men 90ml,4.57,"Rs. 5,900"
288,Hugo Boss Man Eau De Toilette,4.42,"Rs. 4,150"
289,Bvlgari Man in Black Eau De Parfum For Men,4.33,"Rs. 4,150"
290,Dunhill Desire Red Eau De Toilette For Men,4.33,"Rs. 5,100"
291,Calvin Klein CK IN2U Eau De Toilette For Men,4.38,"Rs. 4,150"
292,Mont Blanc Individuel Eau De Toilette For Men 75ml,4.50,"Rs. 5,000"
293,Paco Rabanne One Million Eau De Toilette for Men,4.31,"Rs. 8,450"
294,Versace Dylan Blue Eau De Toilette For Men,4.50,"Rs. 7,200"
295,Bvlgari Aqva Pour Homme Eau De Toilette,4.20,"Rs. 9,750"
296,Azzaro Chrome Eau De Toilette For Men,4.60,"Rs. 4,500"
297,Hugo Boss Bottled Eau De Toilette For Men,4.29,"Rs. 4,500"
298,Versace Man Eau Fraiche Eau De Toilette For Men,4.44,"Rs. 5,500"
299,Calvin Klein CK Eternity Aqua Eau De Toilette For Men,4.44,"Rs. 5,750"
300,Burberry London Eau De Toilette For Men 100ml,4.38,"Rs. 6,700"
301,Mont Blanc Explorer Eau De Parfum For Men,4.60,"Rs. 6,700"
302,Calvin Klein CK Eternity Eau De Toilette For Men,4.60,"Rs. 5,950"
303,Mont Blanc Starwalker Eau De Toilette For Men 75ml,4.50,"Rs. 5,000"
304,Burberry Touch Eau De Toilette For Men 100ml,4.50,"Rs. 6,700"
305,Drakkar Noir Eau De Toilette For Men,4.50,"Rs. 6,700"
306,Dunhill Icon Absolute Eau De Parfum For Men 100ML,4.50,"Rs. 8,990"
307,Kenneth Cole Black Eau De Toilette For Men 100ml,4.50,"Rs. 6,000"
308,Calvin Klein CK Obsession Eau De Toilette For Men,4.30,"Rs. 5,950"
309,Armaf Club De Nuit Intense 105ml Eau De Toilette,4.12,"Rs. 4,750"
310,Davidoff Cool Water Eau De Toilette For Men,4.12,"Rs. 5,900"
311,Dunhill Icon Eau De Parfum For Men 100ML,5.00,"Rs. 8,300"
312,Issey Miyake Leau Dissey For Men,4.50,"Rs. 5,510"
313,Versace Blue Jeans Eau De Toilette For Men 75ml,4.33,"Rs. 3,500"
314,Armaf Club De Nuit Intense Man Pure Parfum 150ml,4.38,"Rs. 6,000"
315,Davidoff Champion Eau De Toilette For Men 90ml,4.57,"Rs. 5,900"
316,Hugo Boss Man Eau De Toilette,4.42,"Rs. 4,150"
317,Bvlgari Man in Black Eau De Parfum For Men,4.33,"Rs. 4,150"
318,Dunhill Desire Red Eau De Toilette For Men,4.33,"Rs. 5,100"
319,Calvin Klein CK IN2U Eau De Toilette For Men,4.38,"Rs. 4,150"
320,Mont Blanc Individuel Eau De Toilette For Men 75ml,4.50,"Rs. 5,000"
321,Paco Rabanne One Million Eau De Toilette for Men,4.31,"Rs. 8,450"
322,Versace Dylan Blue Eau De Toilette For Men,4.50,"Rs. 7,200"
323,Bvlgari Aqva Pour Homme Eau De Toilette,4.20,"Rs. 9,750"
324,Azzaro Chrome Eau De Toilette For Men,4.60,"Rs. 4,500"
325,Hugo Boss Bottled Eau De Toilette For Men,4.29,"Rs. 4,500"
326,Versace Man Eau Fraiche Eau De Toilette For Men,4.44,"Rs. 5,500"
327,Calvin Klein CK Eternity Aqua Eau De Toilette For Men,4.44,"Rs. 5,750"
328,Burberry London Eau De Toilette For Men 100ml,4.38,"Rs. 6,700"
329,Mont Blanc Explorer Eau De Parfum For Men,4.60,"Rs. 6,700"
330,Calvin Klein CK Eternity Eau De Toilette For Men,4.60,"Rs. 5,950"
331,Mont Blanc Starwalker Eau De Toilette For Men 75ml,4.50,"Rs. 5,000"
332,Burberry Touch Eau De Toilette For Men 100ml,4.50,"Rs. 6,700"
333,Drakkar Noir Eau De Toilette For Men,4.50,"Rs. 6,700"
334,Dunhill Icon Absolute Eau De Parfum For Men 100ML,4.50,"Rs. 8,990"
335,Kenneth Cole Black Eau De Toilette For Men 100ml,4.50,"Rs. 6,000"
336,Calvin Klein CK Obsession Eau De Toilette For Men,4.30,"Rs. 5,950"
337,Armaf Club De Nuit Intense 105ml Eau De Toilette,4.12,"Rs. 4,750"
338,Davidoff Cool Water Eau De Toilette For Men,4.12,"Rs. 5,900"
339,Dunhill Icon Eau De Parfum For Men 100ML,5.00,"Rs. 8,300"
340,Issey Miyake Leau Dissey For Men,4.50,"Rs. 5,510"
341,Versace Blue Jeans Eau De Toilette For Men 75ml,4.33,"Rs. 3,500"
342,Armaf Club De Nuit Intense Man Pure Parfum 150ml,4.38,"Rs. 6,000"
343,Davidoff Champion Eau De Toilette For Men 90ml,4.57,"Rs. 5,900"
344,Hugo Boss Man Eau De Toilette,4.42,"Rs. 4,150"
345,Bvlgari Man in Black Eau De Parfum For Men,4.33,"Rs. 4,150"
346,Dunhill Desire Red Eau De Toilette For Men,4.33,"Rs. 5,100"
347,Calvin Klein CK IN2U Eau De Toilette For Men,4.38,"Rs. 4,150"
348,Mont Blanc Individuel Eau De Toilette For Men 75ml,4.50,"Rs. 5,000"
349,Paco Rabanne One Million Eau De Toilette for Men,4.31,"Rs. 8,450"
350,Versace Dylan Blue Eau De Toilette For Men,4.50,"Rs. 7,200"
351,Bvlgari Aqva Pour Homme Eau De Toilette,4.20,"Rs. 9,750"
352,Azzaro Chrome Eau De Toilette For Men,4.60,"Rs. 4,500"
353,Hugo Boss Bottled Eau De Toilette For Men,4.29,"Rs. 4,500"
354,Versace Man Eau Fraiche Eau De Toilette For Men,4.44,"Rs. 5,500"
355,Calvin Klein CK Eternity Aqua Eau De Toilette For Men,4.44,"Rs. 5,750"
356,Burberry London Eau De Toilette For Men 100ml,4.38,"Rs. 6,700"
357,Mont Blanc Explorer Eau De Parfum For Men,4.60,"Rs. 6,700"
358,Calvin Klein CK Eternity Eau De Toilette For Men,4.60,"Rs. 5,950"
359,Mont Blanc Starwalker Eau De Toilette For Men 75ml,4.50,"Rs. 5,000"
360,Burberry Touch Eau De Toilette For Men 100ml,4.50,"Rs. 6,700"
361,Drakkar Noir Eau De Toilette For Men,4.50,"Rs. 6,700"
362,Dunhill Icon Absolute Eau De Parfum For Men 100ML,4.50,"Rs. 8,990"
363,Kenneth Cole Black Eau De Toilette For Men 100ml,4.50,"Rs. 6,000"
364,Calvin Klein CK Obsession Eau De Toilette For Men,4.30,"Rs. 5,950"
365,Armaf Club De Nuit Intense 105ml Eau De Toilette,4.12,"Rs. 4,750"
366,Davidoff Cool Water Eau De Toilette For Men,4.12,"Rs. 5,900"
367,Dunhill Icon Eau De Parfum For Men 100ML,5.00,"Rs. 8,300"
368,Issey Miyake Leau Dissey For Men,4.50,"Rs. 5,510"
369,Versace Blue Jeans Eau De Toilette For Men 75ml,4.33,"Rs. 3,500"
370,Armaf Club De Nuit Intense Man Pure Parfum 150ml,4.38,"Rs. 6,000"
371,Davidoff Champion Eau De Toilette For Men 90ml,4.57,"Rs. 5,900"
372,Hugo Boss Man Eau De Toilette,4.42,"Rs. 4,150"
373,Bvlgari Man in Black Eau De Parfum For Men,4.33,"Rs. 4,150"
374,Dunhill Desire Red Eau De Toilette For Men,4.33,"Rs. 5,100"
375,Calvin Klein CK IN2U Eau De Toilette For Men,4.38,"Rs. 4,150"
376,Mont Blanc Individuel Eau De Toilette For Men 75ml,4.50,"Rs. 5,000"
377,Paco Rabanne One Million Eau De Toilette for Men,4.31,"Rs. 8,450"
378,Versace Dylan Blue Eau De Toilette For Men,4.50,"Rs. 7,200"
379,Bvlgari Aqva Pour Homme Eau De Toilette,4.20,"Rs. 9,750"
380,Azzaro Chrome Eau De Toilette For Men,4.60,"Rs. 4,500"
381,Hugo Boss Bottled Eau De Toilette For Men,4.29,"Rs. 4,500"
382,Versace Man Eau Fraiche Eau De Toilette For Men,4.44,"Rs. 5,500"
383,Calvin Klein CK Eternity Aqua Eau De Toilette For Men,4.44,"Rs. 5,750"
384,Burberry London Eau De Toilette For Men 100ml,4.38,"Rs. 6,700"
385,Mont Blanc Explorer Eau De Parfum For Men,4.60,"Rs. 6,700"
386,Calvin Klein CK Eternity Eau De Toilette For Men,4.60,"Rs. 5,950"
387,Mont Blanc Starwalker Eau De Toilette For Men 75ml,4.50,"Rs. 5,000"
388,Burberry Touch Eau De Toilette For Men 100ml,4.50,"Rs. 6,700"
389,Drakkar Noir Eau De Toilette For Men,4.50,"Rs. 6,700"
390,Dunhill Icon Absolute Eau De Parfum For Men 100ML,4.50,"Rs. 8,990"
391,Kenneth Cole Black Eau De Toilette For Men 100ml,4.50,"Rs. 6,000"
392,Calvin Klein CK Obsession Eau De Toilette For Men,4.30,"Rs. 5,950"
393,Armaf Club De Nuit Intense 105ml Eau De Toilette,4.12,"Rs. 4,750"
394,Davidoff Cool Water Eau De Toilette For Men,4.12,"Rs. 5,900"
395,Dunhill Icon Eau De Parfum For Men 100ML,5.00,"Rs. 8,300"
396,Issey Miyake Leau Dissey For Men,4.50,"Rs. 5,510"
397,Versace Blue Jeans Eau De Toilette For Men 75ml,4.33,"Rs. 3,500"
398,Armaf Club De Nuit Intense Man Pure Parfum 150ml,4.38,"Rs. 6,000"
399,Davidoff Champion Eau De Toilette For Men 90ml,4.57,"Rs. 5,900"
400,Hugo Boss Man Eau De Toilette,4.42,"Rs. 4,150"
401,Bvlgari Man in Black Eau De Parfum For Men,4.33,"Rs. 4,150"
402,Dunhill Desire Red Eau De Toilette For Men,4.33,"Rs. 5,100"
403,Calvin Klein CK IN2U Eau De Toilette For Men,4.38,"Rs. 4,150"
404,Mont Blanc Individuel Eau De Toilette For Men 75ml,4.50,"Rs. 5,000"
405,Paco Rabanne One Million Eau De Toilette for Men,4.31,"Rs. 8,450"
406,Versace Dylan Blue Eau De Toilette For Men,4.50,"Rs. 7,200"
407,Bvlgari Aqva Pour Homme Eau De Toilette,4.20,"Rs. 9,750"
408,Azzaro Chrome Eau De Toilette For Men,4.60,"Rs. 4,500"
409,Hugo Boss Bottled Eau De Toilette For Men,4.29,"Rs. 4,500"
410,Versace Man Eau Fraiche Eau De Toilette For Men,4.44,"Rs. 5,500"
411,Calvin Klein CK Eternity Aqua Eau De Toilette For Men,4.44,"Rs. 5,750"
412,Burberry London Eau De Toilette For Men 100ml,4.38,"Rs. 6,700"
413,Mont Blanc Explorer Eau De Parfum For Men,4.60,"Rs. 6,700"
414,Calvin Klein CK Eternity Eau De Toilette For Men,4.60,"Rs. 5,950"
415,Mont Blanc Starwalker Eau De Toilette For Men 75ml,4.50,"Rs. 5,000"
416,Burberry Touch Eau De Toilette For Men 100ml,4.50,"Rs. 6,700"
417,Drakkar Noir Eau De Toilette For Men,4.50,"Rs. 6,700"
418,Dunhill Icon Absolute Eau De Parfum For Men 100ML,4.50,"Rs. 8,990"
419,Kenneth Cole Black Eau De Toilette For Men 100ml,4.50,"Rs. 6,000"
420,Calvin Klein CK Obsession Eau De Toilette For Men,4.30,"Rs. 5,950"
421,Armaf Club De Nuit Intense 105ml Eau De Toilette,4.12,"Rs. 4,750"
422,Davidoff Cool Water Eau De Toilette For Men,4.12,"Rs. 5,900"
423,Dunhill Icon Eau De Parfum For Men 100ML,5.00,"Rs. 8,300"
424,Issey Miyake Leau Dissey For Men,4.50,"Rs. 5,510"
425,Versace Blue Jeans Eau De Toilette For Men 75ml,4.33,"Rs. 3,500"
426,Armaf Club De Nuit Intense Man Pure Parfum 150ml,4.38,"Rs. 6,000"
427,Davidoff Champion Eau De Toilette For Men 90ml,4.57,"Rs. 5,900"
428,Hugo Boss Man Eau De Toilette,4.42,"Rs. 4,150"
429,Bvlgari Man in Black Eau De Parfum For Men,4.33,"Rs. 4,150"
430,Dunhill Desire Red Eau De Toilette For Men,4.33,"Rs. 5,100"
431,Calvin Klein CK IN2U Eau De Toilette For Men,4.38,"Rs. 4,150"
432,Mont Blanc Individuel Eau De Toilette For Men 75ml,4.50,"Rs. 5,000"
433,Paco Rabanne One Million Eau De Toilette for Men,4.31,"Rs. 8,450"
434,Versace Dylan Blue Eau De Toilette For Men,4.50,"Rs. 7,200"
435,Bvlgari Aqva Pour Homme Eau De Toilette,4.20,"Rs. 9,750"
436,Azzaro Chrome Eau De Toilette For Men,4.60,"Rs. 4,500"
437,Hugo Boss Bottled Eau De Toilette For Men,4.29,"Rs. 4,500"
438,Versace Man Eau Fraiche Eau De Toilette For Men,4.44,"Rs. 5,500"
439,Calvin Klein CK Eternity Aqua Eau De Toilette For Men,4.44,"Rs. 5,750"
440,Burberry London Eau De Toilette For Men 100ml,4.38,"Rs. 6,700"
441,Mont Blanc Explorer Eau De Parfum For Men,4.60,"Rs. 6,700"
442,Calvin Klein CK Eternity Eau De Toilette For Men,4.60,"Rs. 5,950"
443,Mont Blanc Starwalker Eau De Toilette For Men 75ml,4.50,"Rs. 5,000"
444,Burberry Touch Eau De Toilette For Men 100ml,4.50,"Rs. 6,700"
445,Drakkar Noir Eau De Toilette For Men,4.50,"Rs. 6,700"
446,Dunhill Icon Absolute Eau De Parfum For Men 100ML,4.50,"Rs. 8,990"
447,Kenneth Cole Black Eau De Toilette For Men 100ml,4.50,"Rs. 6,000"
448,Calvin Klein CK Obsession Eau De Toilette For Men,4.30,"Rs. 5,950"
449,Armaf Club De Nuit Intense 105ml Eau De Toilette,4.12,"Rs. 4,750"
450,Davidoff Cool Water Eau De Toilette For Men,4.12,"Rs. 5,900"
451,Dunhill Icon Eau De Parfum For Men 100ML,5.00,"Rs. 8,300"
452,Issey Miyake Leau Dissey For Men,4.50,"Rs. 5,510"
453,Versace Blue Jeans Eau De Toilette For Men 75ml,4.33,"Rs. 3,500"
454,Armaf Club De Nuit Intense Man Pure Parfum 150ml,4.38,"Rs. 6,000"
455,Davidoff Champion Eau De Toilette For Men 90ml,4.57,"Rs. 5,900"
456,Hugo Boss Man Eau De Toilette,4.42,"Rs. 4,150"
457,Bvlgari Man in Black Eau De Parfum For Men,4.33,"Rs. 4,150"
458,Dunhill Desire Red Eau De Toilette For Men,4.33,"Rs. 5,100"
459,Calvin Klein CK IN2U Eau De Toilette For Men,4.38,"Rs. 4,150"
460,Mont Blanc Individuel Eau De Toilette For Men 75ml,4.50,"Rs. 5,000"
461,Paco Rabanne One Million Eau De Toilette for Men,4.31,"Rs. 8,450"
462,Versace Dylan Blue Eau De Toilette For Men,4.50,"Rs. 7,200"
463,Bvlgari Aqva Pour Homme Eau De Toilette,4.20,"Rs. 9,750"
464,Azzaro Chrome Eau De Toilette For Men,4.60,"Rs. 4,500"
465,Hugo Boss Bottled Eau De Toilette For Men,4.29,"Rs. 4,500"
466,Versace Man Eau Fraiche Eau De Toilette For Men,4.44,"Rs. 5,500"
467,Calvin Klein CK Eternity Aqua Eau De Toilette For Men,4.44,"Rs. 5,750"
468,Burberry London Eau De Toilette For Men 100ml,4.38,"Rs. 6,700"
469,Mont Blanc Explorer Eau De Parfum For Men,4.60,"Rs. 6,700"
470,Calvin Klein CK Eternity Eau De Toilette For Men,4.60,"Rs. 5,950"
471,Mont Blanc Starwalker Eau De Toilette For Men 75ml,4.50,"Rs. 5,000"
472,Burberry Touch Eau De Toilette For Men 100ml,4.50,"Rs. 6,700"
473,Drakkar Noir Eau De Toilette For Men,4.50,"Rs. 6,700"
474,Dunhill Icon Absolute Eau De Parfum For Men 100ML,4.50,"Rs. 8,990"
475,Kenneth Cole Black Eau De Toilette For Men 100ml,4.50,"Rs. 6,000"
476,Calvin Klein CK Obsession Eau De Toilette For Men,4.30,"Rs. 5,950"
477,Armaf Club De Nuit Intense 105ml Eau De Toilette,4.12,"Rs. 4,750"
478,Davidoff Cool Water Eau De Toilette For Men,4.12,"Rs. 5,900"
479,Dunhill Icon Eau De Parfum For Men 100ML,5.00,"Rs. 8,300"
480,Issey Miyake Leau Dissey For Men,4.50,"Rs. 5,510"
481,Versace Blue Jeans Eau De Toilette For Men 75ml,4.33,"Rs. 3,500"
482,Armaf Club De Nuit Intense Man Pure Parfum 150ml,4.38,"Rs. 6,000"
483,Davidoff Champion Eau De Toilette For Men 90ml,4.57,"Rs. 5,900"
484,Hugo Boss Man Eau De Toilette,4.42,"Rs. 4,150"
485,Bvlgari Man in Black Eau De Parfum For Men,4.33,"Rs. 4,150"
486,Dunhill Desire Red Eau De Toilette For Men,4.33,"Rs. 5,100"
487,Calvin Klein CK IN2U Eau De Toilette For Men,4.38,"Rs. 4,150"
488,Mont Blanc Individuel Eau De Toilette For Men 75ml,4.50,"Rs. 5,000"
489,Paco Rabanne One Million Eau De Toilette for Men,4.31,"Rs. 8,450"
490,Versace Dylan Blue Eau De Toilette For Men,4.50,"Rs. 7,200"
491,Bvlgari Aqva Pour Homme Eau De Toilette,4.20,"Rs. 9,750"
492,Azzaro Chrome Eau De Toilette For Men,4.60,"Rs. 4,500"
493,Hugo Boss Bottled Eau De Toilette For Men,4.29,"Rs. 4,500"
494,Versace Man Eau Fraiche Eau De Toilette For Men,4.44,"Rs. 5,500"
495,Calvin Klein CK Eternity Aqua Eau De Toilette For Men,4.44,"Rs. 5,750"
496,Burberry London Eau De Toilette For Men 100ml,4.38,"Rs. 6,700"
497,Mont Blanc Explorer Eau De Parfum For Men,4.60,"Rs. 6,700"
498,Calvin Klein CK Eternity Eau De Toilette For Men,4.60,"Rs. 5,950"
499,Mont Blanc Starwalker Eau De Toilette For Men 75ml,4.50,"Rs. 5,000"
500,Burberry Touch Eau De Toilette For Men 100ml,4.50,"Rs. 6,700"
501,Drakkar Noir Eau De Toilette For Men,4.50,"Rs. 6,700"
502,Dunhill Icon Absolute Eau De Parfum For Men 100ML,4.50,"Rs. 8,990"
503,Kenneth Cole Black Eau De Toilette For Men 100ml,4.50,"Rs. 6,000"
504,Calvin Klein CK Obsession Eau De Toilette For Men,4.30,"Rs. 5,950"
505,Armaf Club De Nuit Intense 105ml Eau De Toilette,4.12,"Rs. 4,750"
506,Davidoff Cool Water Eau De Toilette For Men,4.12,"Rs. 5,900"
507,Dunhill Icon Eau De Parfum For Men 100ML,5.00,"Rs. 8,300"
508,Issey Miyake Leau Dissey For Men,4.50,"Rs. 5,510"
509,Versace Blue Jeans Eau De Toilette For Men 75ml,4.33,"Rs. 3,500"
510,Armaf Club De Nuit Intense Man Pure Parfum 150ml,4.38,"Rs. 6,000"
511,Davidoff Champion Eau De Toilette For Men 90ml,4.57,"Rs. 5,900"
512,Hugo Boss Man Eau De Toilette,4.42,"Rs. 4,150"
513,Bvlgari Man in Black Eau De Parfum For Men,4.33,"Rs. 4,150"
514,Dunhill Desire Red Eau De Toilette For Men,4.33,"Rs. 5,100"
515,Calvin Klein CK IN2U Eau De Toilette For Men,4.38,"Rs. 4,150"
516,Mont Blanc Individuel Eau De Toilette For Men 75ml,4.50,"Rs. 5,000"
517,Paco Rabanne One Million Eau De Toilette for Men,4.31,"Rs. 8,450"
518,Versace Dylan Blue Eau De Toilette For Men,4.50,"Rs. 7,200"
519,Bvlgari Aqva Pour Homme Eau De Toilette,4.20,"Rs. 9,750"
520,Azzaro Chrome Eau De Toilette For Men,4.60,"Rs. 4,500"
521,Hugo Boss Bottled Eau De Toilette For Men,4.29,"Rs. 4,500"
522,Versace Man Eau Fraiche Eau De Toilette For Men,4.44,"Rs. 5,500"
523,Calvin Klein CK Eternity Aqua Eau De Toilette For Men,4.44,"Rs. 5,750"
524,Burberry London Eau De Toilette For Men 100ml,4.38,"Rs. 6,700"
525,Mont Blanc Explorer Eau De Parfum For Men,4.60,"Rs. 6,700"
526,Calvin Klein CK Eternity Eau De Toilette For Men,4.60,"Rs. 5,950"
527,Mont Blanc Starwalker Eau De Toilette For Men 75ml,4.50,"Rs. 5,000"
528,Burberry Touch Eau De Toilette For Men 100ml,4.50,"Rs. 6,700"
529,Drakkar Noir Eau De Toilette For Men,4.50,"Rs. 6,700"
530,Dunhill Icon Absolute Eau De Parfum For Men 100ML,4.50,"Rs. 8,990"
531,Kenneth Cole Black Eau De Toilette For Men 100ml,4.50,"Rs. 6,000"
